alpha_vector_count,analysis_discounted_tail_bound,analysis_horizon,analysis_total_belief_nodes,beta,beta_index,discounted_transmission_occupancy,epsilon,epsilon_index,gamma,gamma_index,index,margin,margin_region,mdp_seed,normal_minus_restricted_lower,normal_minus_restricted_upper,normal_minus_restricted_value,normal_policy_horizon,normal_policy_interval_width,normal_policy_lower_bound,normal_policy_total_belief_nodes,normal_policy_upper_bound,normal_policy_value,point_id,restricted_lower_bound_status,restricted_policy_horizon,restricted_policy_interval_width,restricted_policy_lower_bound,restricted_policy_total_belief_nodes,restricted_policy_upper_bound,reused_solver_checkpoint,root_gap,sampled_belief_count,sarsop_gap,sarsop_lower_bound,sarsop_upper_bound,solver_elapsed_seconds,solver_iterations,solver_stop_reason,status,unrestricted_upper_minus_restricted_lower,violation_count,violation_discounted_event_occupancy,violation_first_depth_max,violation_first_depth_min
8,9.67774912024056e-09,197,8223,0.0,0,7.86485797749652,0.01,0,0.9,0,0,-0.08910000000000003,m<0,1111,0.003955332671583989,0.0049549318335895265,0.004455132252586758,94,0.0004997995814708389,5.120773404486956,22492,5.121273204068427,5.121023304277691,g0_b00_e00,ok,94.0,0.0004997995805346989,5.116318272234837,24770.0,5.116818071815372,False,0.00852374706837781,617653,0.008442147732375282,5.117625029332202,5.126067177064577,3.1877939701080322,25,precision,ok,0.009748904829740113,83,5.286399730208336,13.0,0.0
8,9.67774912024056e-09,197,5949,0.0,0,6.577734370416953,0.020000000000000004,1,0.9,0,1,-0.1764000000000001,m<0,1111,0.014325348460996423,0.015324947622096019,0.014825148041546221,94,0.0004997995805346989,5.1121745386221225,16393,5.112674338202657,5.11242443841239,g0_b00_e01,ok,94.0,0.0004997995805648969,5.097349390580561,10280.0,5.097849190161126,False,0.0105417009151597,712468,0.010423294817905493,5.111867776094693,5.122291070912598,4.098989009857178,36,precision,ok,0.02494168033203703,35,4.777406769017712,12.0,0.0
7,9.67774912024056e-09,197,6740,0.0,0,7.791944442606073,0.030000000000000006,2,0.9,0,2,-0.26190000000000013,m<0,1111,0.02070089564137767,0.021700494803656767,0.02120069522251722,94,0.0004997995817443979,5.103374686728748,18583,5.103874486310493,5.10362458651962,g0_b00_e02,ok,94.0,0.0004997995805346989,5.082173991506836,52101.0,5.0826737910873705,False,0.011100503457328357,1387009,0.01093866671491206,5.103631395488852,5.114570062203764,16.52996802330017,62,precision,ok,0.032396070696928625,87,5.894338552242319,10.0,0.0
10,9.67774912024056e-09,197,9685,0.0,0,7.4989033591319005,0.04000000000000001,3,0.9,0,3,-0.34560000000000013,m<0,1111,0.028602204499851958,0.029601803660955106,0.029102004080403532,94,0.0004997995805329225,5.094384121333804,26269,5.094883920914337,5.094634021124071,g0_b00_e03,ok,94.0,0.000499799580570226,5.065282117253382,18755.0,5.065781916833952,False,0.010369278219146436,2658433,0.010344958000119142,5.094640773277241,5.1049857312773605,61.65520405769348,85,precision,ok,0.039703614023978595,58,5.54026102818182,16.0,0.0
7,9.67774912024056e-09,197,10879,0.0,0,6.456115413350787,0.05000000000000001,4,0.9,0,4,-0.4275000000000002,m<0,1111,0.03456815475181152,0.03556775391461109,0.035067954333211304,94,0.0004997995822657586,5.085203025422052,29637,5.085702825004318,5.085452925213185,g0_b00_e04,ok,94.0,0.0004997995805338107,5.050135071089707,56192.0,5.05063487067024,False,0.011104467526683592,2729770,0.010950774756000925,5.085459175581842,5.096409950337843,68.72595405578613,100,precision,ok,0.046274879248136,134,4.480013991670669,14.0,0.0
5,9.67774912024056e-09,197,7769,0.0,0,3.275685253926822,0.06000000000000001,5,0.9,0,5,-0.5076000000000002,m<0,1111,0.042338827039644755,0.04333842620074968,0.042838626620198106,94,0.0004997995805338107,5.0758315284009,21088,5.076331327981434,5.076081428191167,g0_b00_e05,ok,94.0,0.0004997995805711142,5.032992901780684,12683.0,5.033492701361255,False,0.01010966321908471,4722691,0.010013318542569039,5.076087166195982,5.086100484738551,232.50080108642578,179,precision,ok,0.05310758295786666,40,1.4314782442508809,17.0,0.0
6,9.67774912024056e-09,197,7409,0.0,0,3.2862065950639288,0.07,6,0.9,0,6,-0.5859000000000002,m<0,1111,0.00859382970157263,0.009593428862640252,0.00909362928210733,94,0.0004997995805346989,5.066269716450295,20170,5.0667695160308295,5.066519616240562,g0_b00_e06,ok,94.0,0.0004997995805329225,5.057176087168189,20135.0,5.057675886748722,False,0.010964127205115304,4221526,0.010937963653527838,5.06652482836287,5.077462792016398,176.37302494049072,178,precision,ok,0.020286704848208714,2,0.47261514453219455,0.0,0.0
7,9.67774912024056e-09,197,8127,0.0,0,3.2968165804464724,0.08,7,0.9,0,7,-0.6624000000000002,m<0,1111,0.009685712112265321,0.010685311273332943,0.01018551169280002,94,0.0004997995805329225,5.0565176213825715,21992,5.0570174209631045,5.056767521172839,g0_b00_e07,ok,94.0,0.0004997995805346989,5.0463321096897715,21953.0,5.046831909270306,False,0.011168348983465748,6802300,0.01103134543161044,5.056772195095514,5.067803540527124,501.79154896736145,265,max_time,ok,0.02147143083735248,2,0.46250218553706524,0.0,0.0
5,9.67774912024056e-09,197,7948,0.0,0,3.3075177021740956,0.09000000000000001,8,0.9,0,8,-0.7371000000000003,m<0,1111,0.06194715871622769,0.06294675787733439,0.06244695829678015,94,0.0004997995805382516,5.046575224958534,21543,5.0470750245390725,5.046825124748803,g0_b00_e08,ok,94.0,0.0004997995805684496,4.984128266661738,12693.0,4.984628066242307,False,0.01098681512953349,6609961,0.01083514727764534,5.04682924814391,5.057664395421555,458.716922044754,229,precision,ok,0.07353612875981685,41,1.3804369663521094,18.0,0.0
15,9.67774912024056e-09,197,6866,0.0,0,8.999982634041965,0.1,9,0.9,0,9,-0.8100000000000004,m<0,1111,0.02089254862206502,0.02189214778393822,0.021392348203002065,94,0.0004997995812896505,5.036442577863944,18791,5.036942377445234,5.03669247765459,g0_b00_e09,ok,94.0,0.0004997995805835487,5.015050229661296,47161.0,5.015550029241879,False,0.010959590978320615,6297523,0.010838081335274197,5.036696038129014,5.047534119464288,386.72520995140076,268,precision,ok,0.032483889802992216,76,5.556206567568985,15.0,0.0
5,9.67774912024056e-09,197,12077,0.05,1,2.551678561941658,0.01,0,0.9,0,10,-0.039100000000000024,m<0,1111,,,,95,0.00047006150549311343,4.985578244341594,31441,4.9860483058470875,4.985813275094341,g0_b01_e00,not_applicable_no_violations,,,,,,False,0.01107867989557951,4058986,0.012468216727484105,4.985824322407435,4.998292539134919,158.58752179145813,282,precision,ok,,0,0.0,,
6,9.67774912024056e-09,197,12204,0.05,1,2.5564880362272806,0.020000000000000004,1,0.9,0,11,-0.12640000000000012,m<0,1111,,,,95,0.00047006150549666614,4.969236780481524,31770,4.969706841987021,4.969471811234273,g0_b01_e01,not_applicable_no_violations,,,,,,False,0.010812555463218921,4646839,0.010812555463220797,4.969481988362552,4.980294543825773,232.11962294578552,263,precision,ok,,0,0.0,,
6,9.67774912024056e-09,197,13342,0.05,1,2.5613469759086125,0.030000000000000006,2,0.9,0,12,-0.21190000000000014,m<0,1111,,,,95,0.0004700615054940016,4.9528416295259206,34282,4.9533116910314146,4.953076660278668,g0_b01_e02,not_applicable_no_violations,,,,,,False,0.03072458622387586,3226420,0.030377481993877353,4.953085963656745,4.983463445650623,583.593542098999,145,max_time,ok,,0,0.0,,
6,9.67774912024056e-09,197,6679,0.05,1,3.0564012858766785,0.04000000000000001,3,0.9,0,13,-0.29560000000000014,m<0,1111,0.07872151242558445,0.07966163543660709,0.07919157393109533,95,0.0004700615054940016,4.940250305917164,18494,4.940720367422658,4.940485336669911,g0_b01_e03,ok,95.0,0.00047006150552864057,4.861058731986051,10921.0,4.86152879349158,False,0.04094499877399195,2990737,0.04075436866026205,4.940494567757351,4.981248936417613,570.6699709892273,160,max_time,ok,0.12019020443156148,33,1.213512512383493,14.0,0.0
6,9.67774912024056e-09,197,7043,0.05,1,3.0679772729131396,0.05000000000000001,4,0.9,0,14,-0.3775000000000002,m<0,1111,0.012309424045517048,0.013249547056503275,0.012779485551010161,95,0.0004700615054940016,4.930197579959991,19446,4.930667641465485,4.930432610712737,g0_b01_e04,ok,95.0,0.00047006150549222525,4.917418094408982,19430.0,4.917888155914474,False,0.08883278077582564,1778911,0.08625008183594485,4.930441346078495,5.01669142791444,1231.1310639381409,69,max_time,ok,0.09927333350545808,1,0.24649813138992682,0.0,0.0
5,9.67774912024056e-09,197,7944,0.05,1,3.0796445080477417,0.06000000000000001,5,0.9,0,15,-0.4576000000000002,m<0,1111,0.013108519798816332,0.014048642809807887,0.013578581304312998,95,0.0004700615054975543,4.919964675589014,21775,4.920434737094512,4.920199706341764,g0_b01_e05,ok,95.0,0.0004700615054940016,4.906386094284704,21757.0,4.906856155790198,False,0.07508250827306304,1811419,0.07463138840189565,4.920207935512831,4.994839323914727,1230.7180950641632,93,max_time,ok,0.08845322963002289,1,0.2412799776620879,0.0,0.0
5,9.67774912024056e-09,197,7764,0.05,1,3.091405369759354,0.07,6,0.9,0,16,-0.5359000000000002,m<0,1111,0.01387218705687232,0.014812310067860324,0.01434224856236721,95,0.0004700615054940016,4.909551215655675,21303,4.910021277161169,4.909786246408422,g0_b01_e06,ok,95.0,0.0004700615054940016,4.895208967093309,21284.0,4.895679028598803,False,0.14506812579592163,830761,0.1346772743780411,4.9097939321271316,5.044471206505173,991.5720610618591,33,max_time,ok,0.1492622394118639,1,0.23613420651294867,0.0,0.0
6,9.67774912024056e-09,197,8301,0.05,1,3.1032622915458115,0.08,7,0.9,0,17,-0.6124000000000002,m<0,1111,0.014601084884422022,0.015541207895410913,0.015071146389916024,95,0.00047006150549222525,4.898956774650014,22679,4.899426836155506,4.89919180540276,g0_b01_e07,ok,95.0,0.00047006150549666614,4.883885628260095,22659.0,4.8843556897655915,False,0.1811228330094572,473173,0.17534920315959912,4.899151671242334,5.0745008744019335,983.6958639621735,19,max_time,ok,0.19061524614183867,1,0.23106005120722978,0.0,0.0
6,9.67774912024056e-09,197,8123,0.05,1,3.115217763868097,0.09000000000000001,8,0.9,0,18,-0.6871000000000003,m<0,1111,0.015295861162110569,0.016235984173098572,0.01576592266760457,95,0.0004700615054940016,4.888180877707898,22230,4.888650939213392,4.888415908460645,g0_b01_e08,ok,95.0,0.0004700615054940016,4.872414955040293,22211.0,4.872885016545787,False,0.01992132666498472,6036556,0.019824409879601212,4.888422555875967,4.908246965755568,506.24228382110596,387,max_time,ok,0.035832010715274976,1,0.22605675526277658,0.0,0.0
6,9.67774912024056e-09,197,8479,0.05,1,3.127274336170059,0.1,9,0.9,0,19,-0.7600000000000003,m<0,1111,0.11515320892734593,0.11609333193837479,0.11562327043286036,95,0.0004700615054948898,4.877222999566029,23134,4.877693061071524,4.877458030318777,g0_b01_e09,ok,95.0,0.00047006150553396964,4.761599729133149,13316.0,4.762069790638683,False,0.019661252827890427,5867695,0.01963454175689705,4.877464129295829,4.897098671052726,505.67923307418823,428,max_time,ok,0.13549894191957712,43,1.140965323012955,19.0,0.0
7,9.67774912024056e-09,197,12077,0.1,2,2.551678561941658,0.01,0,0.9,0,20,0.01089999999999998,m>0,1111,,,,95,0.0004903033885046426,4.857980065406112,31441,4.858470368794617,4.858225217100364,g0_b02_e00,not_applicable_no_violations,,,,,,False,0.011101704844576806,4731721,0.01103543800946305,4.858240394181445,4.869275832190908,246.06443095207214,483,precision,ok,,0,0.0,,
7,9.67774912024056e-09,197,12204,0.1,2,2.5564880362272806,0.020000000000000004,1,0.9,0,21,-0.0764000000000001,m<0,1111,,,,95,0.000490303388506419,4.841398140958289,31770,4.841888444346796,4.841643292652543,g0_b02_e01,not_applicable_no_violations,,,,,,False,0.010858111402703862,5590474,0.010849078348378782,4.841657586422006,4.8525066647703845,279.5537660121918,602,precision,ok,,0,0.0,,
7,9.67774912024056e-09,197,13342,0.1,2,2.5613469759086125,0.030000000000000006,2,0.9,0,22,-0.16190000000000013,m<0,1111,,,,95,0.0004903033885037544,4.8247600563015745,34282,4.825250359690078,4.825005207995826,g0_b02_e02,not_applicable_no_violations,,,,,,False,0.010961216034335308,7773928,0.010906211697904844,4.825018614731843,4.835924826429748,378.931352853775,718,precision,ok,,0,0.0,,
8,9.67774912024056e-09,197,13835,0.1,2,2.5662561104936685,0.04000000000000001,3,0.9,0,23,-0.24560000000000012,m<0,1111,,,,95,0.0004903033885055308,4.808064945489083,35374,4.808555248877589,4.808310097183336,g0_b02_e03,not_applicable_no_violations,,,,,,False,0.0465151072247711,4887037,0.04651510722477248,4.808322613096163,4.854837720320935,213990.29760098457,326,max_time,ok,,0,0.0,,
7,9.67774912024056e-09,197,14310,0.1,2,2.571216184562579,0.05000000000000001,4,0.9,0,24,-0.32750000000000024,m<0,1111,,,,95,0.000490303388506419,4.791311925684619,36376,4.7918022290731255,4.791557077378872,g0_b02_e04,not_applicable_no_violations,,,,,,False,0.04906747208333013,4695601,0.04653104804425556,4.7915686986092565,4.838099746653512,213990.6625020504,303,max_time,ok,,0,0.0,,
8,9.67774912024056e-09,197,15103,0.1,2,2.5762279581603367,0.06000000000000001,5,0.9,0,25,-0.4076000000000002,m<0,1111,,,,95,0.0004903033885028663,4.774500096726289,38034,4.774990400114792,4.77474524842054,g0_b02_e05,not_applicable_no_violations,,,,,,False,0.07253535487942879,4605301,0.07189981496784004,4.774755971038105,4.846655786005945,213989.94597101212,263,max_time,ok,,0,0.0,,
8,9.67774912024056e-09,197,15259,0.1,2,2.581292207201856,0.07,6,0.9,0,26,-0.4859000000000002,m<0,1111,,,,95,0.0004903033885099717,4.757628540676493,38350,4.758118844065003,4.757873692370748,g0_b02_e06,not_applicable_no_violations,,,,,,False,0.08000918197597863,4610719,0.08000918197597873,4.7578835123723255,4.837892694348304,213988.97974300385,231,max_time,ok,,0,0.0,,
8,9.67774912024056e-09,197,8301,0.1,2,3.1032622915458115,0.08,7,0.9,0,27,-0.5624000000000002,m<0,1111,0.15378577806165694,0.1547663848387124,0.1542760814501838,95,0.0004903033885046426,4.743780430910917,22679,4.7442707342994215,4.744025582605168,g0_b02_e07,ok,95.0,0.0004903033885508279,4.589504349460709,12864.0,4.58999465284926,False,0.04408744960479814,7834429,0.044087449604798934,4.74403587590734,4.788123325512139,500.21650195121765,583,max_time,ok,0.19861897605142964,42,1.1649982662883416,19.0,0.0
7,9.67774912024056e-09,197,8123,0.1,2,3.115217763868097,0.09000000000000001,8,0.9,0,28,-0.6371000000000003,m<0,1111,0.15940379206324629,0.16038439884029287,0.1598940954517687,95,0.0004903033885037544,4.7324067903364835,22230,4.732897093724987,4.732651942030735,g0_b02_e08,ok,95.0,0.0004903033885428343,4.572512694884694,12850.0,4.573002998273237,False,0.05482957909337196,6730060,0.05482957909337127,4.732661667531046,4.787491246624417,500.26656007766724,507,max_time,ok,0.2149785517397227,41,1.1529637936926491,18.0,0.0
7,9.67774912024056e-09,197,8479,0.1,2,3.127274336170059,0.1,9,0.9,0,29,-0.7100000000000004,m<0,1111,0.1649029218915148,0.16588352866856937,0.16539322528004252,95,0.0004903033885055308,4.720846113851112,23134,4.721336417239618,4.721091265545366,g0_b02_e09,ok,95.0,0.0004903033885490515,4.555452888571049,13316.0,4.555943191959598,False,0.07957549432070325,6576550,0.07921485307078768,4.721100412335151,4.8003152654059384,503.14138197898865,393,max_time,ok,0.24486237683488987,43,1.140965323012955,19.0,0.0
8,9.67774912024056e-09,197,12077,0.15,3,2.551678561941658,0.01,0,0.9,0,30,0.06089999999999997,m>0,1111,,,,96,0.0004594907443635776,4.730409344419112,31837,4.730868835163475,4.730639089791293,g0_b03_e00,not_applicable_no_violations,,,,,,False,0.011106301476383843,5586862,0.011102911581645003,4.7306564659554695,4.7417593775371145,200.94595789909363,732,precision,ok,,0,0.0,,
8,9.67774912024056e-09,197,12204,0.15,3,2.5564880362272806,0.020000000000000004,1,0.9,0,31,-0.026400000000000118,m<0,1111,,,,96,0.0004594907443635776,4.7135868697397,32172,4.714046360484064,4.713816615111883,g0_b03_e01,not_applicable_no_violations,,,,,,False,0.011105372059916106,6833002,0.010400073013741462,4.713833184481468,4.724233257495209,357.1713869571686,991,precision,ok,,0,0.0,,
8,9.67774912024056e-09,197,13342,0.15,3,2.5613469759086125,0.030000000000000006,2,0.9,0,32,-0.11190000000000014,m<0,1111,,,,96,0.0004594907443635776,4.696705761350198,34726,4.697165252094561,4.6969355067223795,g0_b03_e02,not_applicable_no_violations,,,,,,False,0.01106950918058717,7726069,0.011067644416973721,4.696951265806955,4.708018910223929,443.5262110233307,1126,precision,ok,,0,0.0,,
8,9.67774912024056e-09,197,13835,0.15,3,2.5662561104936685,0.04000000000000001,3,0.9,0,33,-0.19560000000000013,m<0,1111,,,,96,0.000459490744365354,4.679765116823951,35836,4.6802246075683165,4.679994862196134,g0_b03_e03,not_applicable_no_violations,,,,,,False,0.024053298925093988,7548178,0.023471080370227604,4.68000980744173,4.703480887811957,500.4940969944,1042,max_time,ok,,0,0.0,,
7,9.67774912024056e-09,197,14310,0.15,3,2.571216184562579,0.05000000000000001,4,0.9,0,34,-0.2775000000000002,m<0,1111,,,,96,0.0004594907443644658,4.662764016091286,36856,4.66322350683565,4.662993761463468,g0_b03_e04,not_applicable_no_violations,,,,,,False,0.06600565772753894,6773404,0.06600565772753875,4.663007889251081,4.72901354697862,500.17278385162354,561,max_time,ok,,0,0.0,,
7,9.67774912024056e-09,197,15103,0.15,3,2.5762279581603367,0.06000000000000001,5,0.9,0,35,-0.35760000000000014,m<0,1111,,,,96,0.00045949074436624215,4.645701520983481,38544,4.646161011727847,4.645931266355664,g0_b03_e05,not_applicable_no_violations,,,,,,False,0.07420141520783494,6676783,0.07419756510604536,4.645944572999751,4.720142138105796,503.5764009952545,583,max_time,ok,,0,0.0,,
8,9.67774912024056e-09,197,15259,0.15,3,2.581292207201856,0.07,6,0.9,0,36,-0.4359000000000002,m<0,1111,,,,96,0.0004594907443680185,4.6285766747625186,38866,4.629036165506887,4.628806420134702,g0_b03_e06,not_applicable_no_violations,,,,,,False,0.09878588569034008,6556684,0.09875993433052521,4.628818901881593,4.7275788362121185,500.66715002059937,518,max_time,ok,,0,0.0,,
8,9.67774912024056e-09,197,16019,0.15,3,2.586409723889917,0.08,7,0.9,0,37,-0.5124000000000002,m<0,1111,,,,96,0.00045949074436624215,4.611388501635985,40386,4.611847992380351,4.611618247008168,g0_b03_e07,not_applicable_no_violations,,,,,,False,0.10408084172692492,6604543,0.10401776543160679,4.611629900034471,4.7156476654660775,500.4677610397339,476,max_time,ok,,0,0.0,,
8,9.67774912024056e-09,197,16789,0.15,3,2.5915813171463804,0.09000000000000001,8,0.9,0,38,-0.5871000000000003,m<0,1111,,,,96,0.0004594907443644658,4.594136006256645,41936,4.594595497001009,4.5943657516288265,g0_b03_e08,not_applicable_no_violations,,,,,,False,0.1177481873782761,6648790,0.11773041422688557,4.5943765720397565,4.712106986266642,504.83311891555786,439,max_time,ok,,0,0.0,,
8,9.67774912024056e-09,197,17828,0.15,3,2.596807813057212,0.1,9,0.9,0,39,-0.6600000000000004,m<0,1111,,,,96,0.0004594907443635776,4.576818173206046,43905,4.57727766395041,4.577047918578228,g0_b03_e09,not_applicable_no_violations,,,,,,False,0.1509018804650639,6473608,0.15084212676915687,4.577057902405897,4.7279000291750535,502.36208605766296,415,max_time,ok,,0,0.0,,
4,9.90526314525898e-09,2292,171046,0.0,0,54.65166323904971,0.01,0,0.99,1,40,-0.9800999999999992,m<0,1111,5.955578229836135,5.956573157329089,5.956075693582605,1215,0.0004974637464556508,51.386127107573955,540981,51.38662457132041,51.38637583944718,g1_b00_e00,ok,1215.0,0.0004974637464982834,45.43005141399132,374939.0,45.43054887773782,False,12.737684987354681,7450654,12.737602804945858,38.94345373123977,51.68105653618563,515.4295928478241,19,max_time,ok,6.251005122194307,64,32.44689656641457,23.0,0.0
5,9.90526314525898e-09,2292,339734,0.0,0,37.004901335271406,0.020000000000000004,1,0.99,1,41,-1.9403999999999988,m<0,1111,,,,1215,0.0004974639740567,51.148901892096404,1067673,51.14939935607046,51.14915062408343,g1_b00_e01,not_applicable_no_violations,,,,,,False,11.90270134611689,8279608,11.902701346116913,39.77416012919471,51.676861475311625,544.5595829486847,21,max_time,ok,,0,0.0,,
5,9.90526314525898e-09,2292,353187,0.0,0,37.00172472756641,0.030000000000000006,2,0.99,1,42,-2.880899999999998,m<0,1111,,,,1215,0.000497463991614211,50.880130638898216,1109550,50.88062810288983,50.880379370894026,g1_b00_e02,not_applicable_no_violations,,,,,,False,12.350828705489777,8282317,12.350827515865262,39.32490877595619,51.67573629182145,512.7358441352844,21,max_time,ok,,0,0.0,,
4,9.90526314525898e-09,2292,172889,0.0,0,30.41986564820342,0.04000000000000001,3,0.99,1,43,-3.8015999999999974,m<0,1111,,,,1215,0.000497463747706206,50.91259437396218,545435,50.913091837709885,50.91284310583603,g1_b00_e03,not_applicable_no_violations,,,,,,False,11.478988754820204,7866937,11.476709443785921,40.18848437938536,51.66519382317128,541.1797349452972,20,max_time,ok,,0,0.0,,
4,9.90526314525898e-09,2292,341125,0.0,0,42.615283170446,0.05000000000000001,4,0.99,1,44,-4.702499999999996,m<0,1111,4.155374286484282,4.156369213982671,4.155871750233473,1215,0.000497463746491178,50.517215559694115,1075925,50.517713023440606,50.51746429156736,g1_b00_e04,ok,1215.0,0.0004974637518984082,46.361343809457935,803841.0,46.36184127320983,False,11.433374828986478,8698600,11.433374382130019,40.23107220594693,51.66444658807695,502.7120270729065,22,max_time,ok,5.303102778619014,18,8.641471493883138,31.0,0.0
7,9.90526314525898e-09,2292,284616,0.0,0,33.714165572222214,0.06000000000000001,5,0.99,1,45,-5.583599999999995,m<0,1111,,,,1215,0.0004974639910955148,50.11621369220873,892926,50.11671115619983,50.11646242420427,g1_b00_e05,not_applicable_no_violations,,,,,,False,11.752012111545303,9104047,11.751996062729674,39.91517433385678,51.66717039658646,535.962630033493,23,max_time,ok,,0,0.0,,
4,9.90526314525898e-09,2292,379399,0.0,0,68.80919988833708,0.07,6,0.99,1,46,-6.444899999999993,m<0,1111,0.2274009453552992,0.22839587284973817,0.22789840910251513,1215,0.0004974637472301424,50.45610629307113,1195819,50.45660375681836,50.45635502494475,g1_b00_e06,ok,1215.0,0.0004974637472088261,50.22820788396862,1195651.0,50.22870534771583,False,10.020610025545558,8280511,10.020318781474707,41.62664184511634,51.646960626591046,501.41282391548157,21,max_time,ok,1.4187527426224236,4,28.347085346308504,2.0,0.0
4,9.90526314525898e-09,2292,316115,0.0,0,38.04672406850874,0.08,7,0.99,1,47,-7.286399999999995,m<0,1111,,,,1215,0.0004974637474859378,50.32657106094727,997184,50.32706852469476,50.32681979282101,g1_b00_e07,not_applicable_no_violations,,,,,,False,10.318989345865726,8284123,10.318905058701183,41.325277104665396,51.64418216336658,504.63556718826294,21,max_time,ok,,0,0.0,,
4,9.90526314525898e-09,2292,186940,0.0,0,57.1688584340563,0.09000000000000001,8,0.99,1,48,-8.108099999999995,m<0,1111,-0.0004974642386059713,0.0004974642804143059,2.0897061858704546e-11,1215,0.0004974647722804093,47.9068625854631,590940,47.90736005023538,47.90711131784924,g1_b00_e08,ok,1215.0,0.0004974637467398679,47.90686258595497,852887.0,47.90736004970171,False,16.07996530782901,4555636,16.079836252753054,35.570509184197746,51.6503454369508,3785.1598529815674,12,max_time,ok,3.7434828509958322,210,28.164971994934092,27.0,0.0
3,9.90526314525898e-09,2292,229087,0.0,0,30.80390661067911,0.1,9,0.99,1,49,-8.909999999999993,m<0,1111,0.0547754796435882,0.05577040713604475,0.055272943389816476,1215,0.0004974637462282772,49.732893714965236,720952,49.733391178711464,49.73314244683835,g1_b00_e09,ok,1215.0,0.0004974637462282772,49.67762077157542,720753.0,49.67811823532165,False,10.9551875353433,9934807,10.948205838921005,40.69801009241538,51.646215931336386,508.7888288497925,25,max_time,ok,1.9685951597609659,3,0.12535748724489795,1.0,0.0
4,9.90526314525898e-09,2292,145767,0.05,1,30.083472691659868,0.01,0,0.99,1,50,-0.9300999999999991,m<0,1111,,,,1220,0.000496500685883916,49.990298683614625,462335,49.99079518430051,49.99054693395757,g1_b01_e00,not_applicable_no_violations,,,,,,False,10.430184405546937,6208126,10.43018223434931,41.16729112501395,51.59747335936326,543.5277631282806,16,max_time,ok,,0,0.0,,
5,9.90526314525898e-09,2292,154769,0.05,1,30.14922284925333,0.020000000000000004,1,0.99,1,51,-1.8903999999999987,m<0,1111,,,,1220,0.0004965006851804787,49.79506305084108,490783,49.79555955152626,49.79531130118367,g1_b01_e01,not_applicable_no_violations,,,,,,False,9.624317554818592,6209932,9.624306570856781,41.97046841577294,51.59477498662972,540.9670610427856,16,max_time,ok,,0,0.0,,
4,9.90526314525898e-09,2292,277279,0.05,1,37.06122659639353,0.030000000000000006,2,0.99,1,52,-2.830899999999998,m<0,1111,,,,1220,0.0004965006859904975,49.15223619811136,877718,49.15273269879735,49.15248444845436,g1_b01_e02,not_applicable_no_violations,,,,,,False,9.426471925146991,6625312,9.424765365212025,42.16181914594817,51.5865845111602,592.4437170028687,17,max_time,ok,,0,0.0,,
4,9.90526314525898e-09,2292,307012,0.05,1,37.532415603693245,0.04000000000000001,3,0.99,1,53,-3.7515999999999976,m<0,1111,0.7847585315894818,0.7857515329604894,0.7852550322749892,1220,0.0004965006849815268,49.14595372755708,972489,49.14645022824206,49.14620197789957,g1_b01_e03,ok,1220.0,0.0004965006860260246,48.36069869528157,713094.0,48.361195195967596,False,9.52512059229929,6212641,9.524571534418058,42.05078952896689,51.575361063384946,565.5960729122162,16,max_time,ok,3.214662368103376,16,8.786876918973919,14.0,0.0
4,9.90526314525898e-09,2292,188596,0.05,1,30.349995820721137,0.05000000000000001,4,0.99,1,54,-4.652499999999996,m<0,1111,,,,1220,0.0004965006864878774,49.204803571821195,597176,49.20530007250768,49.205051822164435,g1_b01_e04,not_applicable_no_violations,,,,,,False,10.197652545157753,6208126,10.192648208199422,41.39785644820827,51.590504656407695,550.3613359928131,16,max_time,ok,,0,0.0,,
7,9.90526314525898e-09,2292,190849,0.05,1,30.40196279050287,0.06000000000000001,5,0.99,1,55,-5.533599999999995,m<0,1111,,,,1220,0.0004965006864381394,48.99116045082069,604205,48.99165695150713,48.99140870116391,g1_b01_e05,not_applicable_no_violations,,,,,,False,8.940405498647372,6209932,8.940028358711587,42.61562014816033,51.55564850687192,503.17269492149353,16,max_time,ok,,0,0.0,,
6,9.90526314525898e-09,2292,125583,0.05,1,34.29462122519163,0.07,6,0.99,1,56,-6.394899999999994,m<0,1111,1.3103036619989084,1.3112966633729997,1.3108001626859576,1220,0.000496500685102319,49.260689179218716,399464,49.26118567990382,49.260937429561274,g1_b01_e06,ok,1220.0,0.0004965006889889878,47.94988901653082,261836.0,47.95038551721981,False,10.609838090606312,6209932,10.609794255218034,40.950612542488614,51.56040679770665,543.216628074646,16,max_time,ok,3.6105177811758296,55,13.106438516026728,18.0,0.0
4,9.90526314525898e-09,2292,206682,0.05,1,29.666064591420017,0.08,7,0.99,1,57,-7.236399999999995,m<0,1111,,,,1220,0.0004965006857347021,48.68703080694516,654023,48.687527307630894,48.68727905728802,g1_b01_e07,not_applicable_no_violations,,,,,,False,6.801160253759168,7036177,6.8011027744774,44.73442295126594,51.53552572574334,529.810665845871,18,max_time,ok,,0,0.0,,
6,9.90526314525898e-09,2292,145733,0.05,1,34.857043658853435,0.09000000000000001,8,0.99,1,58,-8.058099999999994,m<0,1111,,,,1220,0.0004965006855144338,48.69572254398308,462336,48.696219044668595,48.69597079432583,g1_b01_e08,not_applicable_no_violations,,,,,,False,7.263392495565643,7036177,7.257984747363508,44.27079609249452,51.52878083985803,523.4157569408417,18,max_time,ok,,0,0.0,,
7,9.90526314525898e-09,2292,157008,0.05,1,34.98929113496088,0.1,9,0.99,1,59,-8.859999999999992,m<0,1111,,,,1220,0.0004965006852089004,48.54143317704197,497792,48.541929677727175,48.541681427384574,g1_b01_e09,not_applicable_no_violations,,,,,,False,6.45726180458765,6622603,6.457031957548885,45.076343815486155,51.53337577303504,550.2344620227814,17,max_time,ok,,0,0.0,,
6,9.90526314525898e-09,2292,150333,0.1,2,29.206103599448255,0.01,0,0.99,1,60,-0.8800999999999992,m<0,1111,,,,1224,0.0004994314430391,48.578292926519005,478448,48.578792357962044,48.57854264224052,g1_b02_e00,not_applicable_no_violations,,,,,,False,4.028261570478968,8265160,4.020175580891404,47.36867325732811,51.388848838219516,540.870619058609,21,max_time,ok,,0,0.0,,
5,9.90526314525898e-09,2292,152593,0.1,2,29.26952960897227,0.020000000000000004,1,0.99,1,61,-1.8403999999999987,m<0,1111,,,,1224,0.0004994314424635604,48.384429135509905,485591,48.38492856695237,48.38467885123113,g1_b02_e01,not_applicable_no_violations,,,,,,False,6.662021328668726,8262451,6.6574640279744415,44.85666166382653,51.51412569180097,562.6327221393585,21,max_time,ok,,0,0.0,,
5,9.90526314525898e-09,2292,168372,0.1,2,29.30456513717826,0.030000000000000006,2,0.99,1,62,-2.7808999999999977,m<0,1111,,,,1224,0.0004994314416819634,48.19294448122763,535558,48.19344391266931,48.19319419694847,g1_b02_e02,not_applicable_no_violations,,,,,,False,4.396522649037303,7843459,4.395547653761277,47.050520805122645,51.44606845888392,563.1782820224762,20,max_time,ok,,0,0.0,,
4,9.90526314525898e-09,2292,175171,0.1,2,29.398612452439174,0.04000000000000001,3,0.99,1,63,-3.7015999999999973,m<0,1111,,,,1224,0.000499431442158027,47.99425737276462,556920,47.99475680420678,47.9945070884857,g1_b02_e03,not_applicable_no_violations,,,,,,False,4.931346647347701,7438915,4.923865588524478,46.49648014232122,51.420345730845696,544.6233170032501,19,max_time,ok,,0,0.0,,
7,9.90526314525898e-09,2292,86834,0.1,2,33.220406902646836,0.05000000000000001,4,0.99,1,64,-4.6024999999999965,m<0,1111,,,,1224,0.0004994314417885448,47.80689586947342,277308,47.80739530091521,47.80714558519432,g1_b02_e04,not_applicable_no_violations,,,,,,False,4.404157730960792,8263354,4.396907710894922,47.015873162741045,51.41278087363597,513.4234430789948,21,max_time,ok,,0,0.0,,
8,9.90526314525898e-09,2292,381650,0.1,2,31.015000005712114,0.06000000000000001,5,0.99,1,65,-5.483599999999996,m<0,1111,,,,1224,0.0004994314422290813,47.41903146174359,1211640,47.41953089318582,47.41928117746471,g1_b02_e05,not_applicable_no_violations,,,,,,False,5.479101945433843,7026244,5.468330542963699,46.012566489401436,51.480897032365135,572.9196012020111,18,max_time,ok,,0,0.0,,
4,9.90526314525898e-09,2292,95932,0.1,2,33.49709177575301,0.07,6,0.99,1,66,-6.344899999999994,m<0,1111,,,,1224,0.0004994314419022317,47.54447567294831,306242,47.54497510439021,47.544725388669264,g1_b02_e06,not_applicable_no_violations,,,,,,False,4.981790868190827,7013602,4.981571058032095,46.476922900838524,51.45849395887062,534.4424059391022,18,max_time,ok,,0,0.0,,
4,9.90526314525898e-09,2292,100481,0.1,2,34.28275641703003,0.08,7,0.99,1,67,-7.1863999999999955,m<0,1111,0.2715376915062535,0.27253655438979507,0.27203712294802074,1224,0.0004994314416819634,47.44307973928905,320735,47.44357917073073,47.44332945500989,g1_b02_e07,ok,1224.0,0.0004994314418595991,47.171042616340934,320715.0,47.17154204778279,False,5.903877962249695,6607252,5.902537247762396,45.55053718211151,51.45307442987391,547.6109139919281,17,max_time,ok,4.282031813532974,1,2.55277364563755,0.0,0.0
8,9.90526314525898e-09,2292,145733,0.1,2,34.857043658853435,0.09000000000000001,8,0.99,1,68,-8.008099999999995,m<0,1111,,,,1224,0.000499431442356979,46.95286580660627,463872,46.953365238048626,46.953115522327444,g1_b02_e08,not_applicable_no_violations,,,,,,False,6.193539403303044,6615379,6.181781348204915,45.26746124471561,51.44924259292053,517.8193700313568,17,max_time,ok,,0,0.0,,
7,9.90526314525898e-09,2292,102754,0.1,2,34.57439725320368,0.1,9,0.99,1,69,-8.809999999999993,m<0,1111,0.2855434865082316,0.28654234939205026,0.2860429179501338,1224,0.0004994314419661805,47.18810361938041,327964,47.18860305082238,47.1883533351014,g1_b02_e09,ok,1224.0,0.0004994314418524937,46.90206070143033,327944.0,46.90256013287218,False,4.94454265850728,7839847,4.938922348315934,46.49586056652289,51.43478291483883,522.6258590221405,20,max_time,ok,4.532722213408498,1,2.436662607728046,0.0,0.0
6,9.90526314525898e-09,2292,150347,0.15,3,29.17785866067472,0.01,0,0.99,1,70,-0.8300999999999992,m<0,1111,,,,1229,0.0004963467260097332,47.12230788632763,480505,47.12280423305364,47.12255605969064,g1_b03_e00,not_applicable_no_violations,,,,,,False,4.392424569698864,7417243,4.366657516844427,46.90964809140981,51.27630560825423,535.0017108917236,19,max_time,ok,,0,0.0,,
6,9.90526314525898e-09,2292,152569,0.15,3,29.240841927237984,0.020000000000000004,1,0.99,1,71,-1.7903999999999989,m<0,1111,,,,1229,0.000496346724361274,46.92543120744071,487638,46.92592755416507,46.92567938080289,g1_b03_e01,not_applicable_no_violations,,,,,,False,4.658225216256554,7823593,4.650388295552311,46.72767896286149,51.3780672584138,560.9206628799438,20,max_time,ok,,0,0.0,,
7,9.90526314525898e-09,2292,168372,0.15,3,29.30456513717826,0.030000000000000006,2,0.99,1,72,-2.730899999999998,m<0,1111,,,,1229,0.0004963467242049546,46.727714134446316,537778,46.72821048117052,46.72796230780842,g1_b03_e02,not_applicable_no_violations,,,,,,False,4.8434490291852645,8239876,4.839735285873047,46.47535124808472,51.31508653395777,1590.080356836319,21,max_time,ok,,0,0.0,,
12,9.90526314525898e-09,2292,175150,0.15,3,29.369040828126625,0.04000000000000001,3,0.99,1,73,-3.6515999999999975,m<0,1111,,,,1229,0.0004963467242973252,46.52914161610157,559282,46.529637962825866,46.529389789463714,g1_b03_e03,not_applicable_no_violations,,,,,,False,5.845109666188594,6597319,5.832577682627409,45.59257611504234,51.42515379766975,1412.7180681228638,17,max_time,ok,,0,0.0,,
4,9.90526314525898e-09,2292,181930,0.15,3,29.464294771542814,0.05000000000000001,4,0.99,1,74,-4.552499999999996,m<0,1111,,,,1229,0.0004963467247733888,46.32470336111835,580642,46.325199707843126,46.32495153448074,g1_b03_e04,not_applicable_no_violations,,,,,,False,10.948505617972476,2894116,10.925604594190766,40.58174523147878,51.50734982566954,982.4678571224213,8,max_time,ok,,0,0.0,,
8,9.90526314525898e-09,2292,193178,0.15,3,29.500301291516898,0.06000000000000001,5,0.99,1,75,-5.433599999999995,m<0,1111,,,,1229,0.000496346724411012,46.129368309449056,616374,46.12986465617347,46.12961648281126,g1_b03_e05,not_applicable_no_violations,,,,,,False,5.241374292232176,7836235,5.234777738991866,46.062765022855125,51.29754276184699,574.7955350875854,20,max_time,ok,,0,0.0,,
7,9.90526314525898e-09,2292,195429,0.15,3,29.56711265386204,0.07,6,0.99,1,76,-6.294899999999993,m<0,1111,,,,1229,0.00049634672446075,45.92813565860943,623494,45.92863200533389,45.92838383197166,g1_b03_e06,not_applicable_no_violations,,,,,,False,5.445742495924067,7416340,5.437514480244275,45.85948869119923,51.29700317144351,511.8346610069275,19,max_time,ok,,0,0.0,,
8,9.90526314525898e-09,2292,206664,0.15,3,29.63472969556822,0.08,7,0.99,1,77,-7.136399999999995,m<0,1111,,,,1229,0.0004963467247378617,45.725983815743035,659004,45.72648016246777,45.7262319891054,g1_b03_e07,not_applicable_no_violations,,,,,,False,5.794957645876505,7419952,5.789385779197261,45.548438266309276,51.33782404550654,528.2190761566162,19,max_time,ok,,0,0.0,,
7,9.90526314525898e-09,2292,100481,0.15,3,33.77958012141141,0.09000000000000001,8,0.99,1,78,-7.958099999999995,m<0,1111,,,,1229,0.000496346725391561,45.585438338451475,322035,45.585934685176866,45.585686511814174,g1_b03_e08,not_applicable_no_violations,,,,,,False,5.778553468480045,7418146,5.776247206542422,45.51930666392455,51.295553870466975,504.8335621356964,19,max_time,ok,,0,0.0,,
